{
	"info": {
		"_postman_id": "275f5c60-bc59-4b3a-bdc7-8532fdd69edd",
		"name": "JavaFSD_PH2",
		"schema": "https://schema.getpostman.com/json/collection/v2.1.0/collection.json"
	},
	"item": [
		{
			"name": "Emart_GNS",
			"item": [
				{
					"name": "Sign in Seller",
					"event": [
						{
							"listen": "test",
							"script": {
								"exec": [
									"var jsonData = JSON.parse(responseBody);\r",
									"postman.setEnvironmentVariable(\"accessToken\", jsonData.accessToken);"
								],
								"type": "text/javascript"
							}
						}
					],
					"request": {
						"method": "POST",
						"header": [
							{
								"key": "Content-Type",
								"type": "text",
								"value": "application/json"
							}
						],
						"body": {
							"mode": "raw",
							"raw": "{\r\n    \"username\": \"shindeganesh22\",\r\n    \"password\": \"Sneha@123\"\r\n}",
							"options": {
								"raw": {
									"language": "json"
								}
							}
						},
						"url": {
							"raw": "http://localhost:8083/api/auth/signin",
							"protocol": "http",
							"host": [
								"localhost"
							],
							"port": "8083",
							"path": [
								"api",
								"auth",
								"signin"
							]
						}
					},
					"response": []
				},
				{
					"name": "Sign up Seller",
					"request": {
						"method": "POST",
						"header": [
							{
								"key": "Content-Type",
								"type": "text",
								"value": "application/json"
							}
						],
						"body": {
							"mode": "raw",
							"raw": "{\r\n    \"username\": \"shindeganesh22\",\r\n    \"email\": \"shindeganesh22@gmail.com\",\r\n    \"role\": [\"seller\"],\r\n    \"password\": \"Sneha@123\"\r\n}",
							"options": {
								"raw": {
									"language": "json"
								}
							}
						},
						"url": {
							"raw": "http://localhost:8084/api/auth/signup",
							"protocol": "http",
							"host": [
								"localhost"
							],
							"port": "8084",
							"path": [
								"api",
								"auth",
								"signup"
							]
						}
					},
					"response": []
				},
				{
					"name": "Get All Products",
					"protocolProfileBehavior": {
						"disableBodyPruning": true
					},
					"request": {
						"method": "GET",
						"header": [
							{
								"key": "Content-Type",
								"type": "text",
								"value": "application/json"
							},
							{
								"key": "Authorization",
								"type": "text",
								"value": "Bearer {{accessToken}}",
								"disabled": true
							}
						],
						"body": {
							"mode": "raw",
							"raw": "",
							"options": {
								"raw": {
									"language": "json"
								}
							}
						},
						"url": {
							"raw": "http://ntjava182.iiht.tech:8081/emart/product",
							"protocol": "http",
							"host": [
								"ntjava182",
								"iiht",
								"tech"
							],
							"port": "8081",
							"path": [
								"emart",
								"product"
							]
						}
					},
					"response": []
				},
				{
					"name": "Add Product",
					"request": {
						"method": "POST",
						"header": [
							{
								"key": "Content-Type",
								"type": "text",
								"value": "application/json"
							}
						],
						"body": {
							"mode": "raw",
							"raw": "{\r\n    \"id\": \"DellMonitor1\",\r\n    \"name\": \"Lenovo Laptop\",\r\n    \"description\": \"Windows 11 laptop\",\r\n    \"model\": \"LenovoG560\",\r\n    \"make\": \"2022-02-30\",\r\n    \"stock\": \"80\",\r\n    \"price\": \"20000\"\r\n}",
							"options": {
								"raw": {
									"language": "json"
								}
							}
						},
						"url": {
							"raw": "http://ntjava182.iiht.tech:8081/emart/product",
							"protocol": "http",
							"host": [
								"ntjava182",
								"iiht",
								"tech"
							],
							"port": "8081",
							"path": [
								"emart",
								"product"
							]
						}
					},
					"response": []
				},
				{
					"name": "Add Product 2",
					"request": {
						"method": "POST",
						"header": [
							{
								"key": "Content-Type",
								"type": "text",
								"value": "application/json"
							}
						],
						"body": {
							"mode": "raw",
							"raw": "{\r\n    \"id\": \"RedmiSS45\",\r\n    \"name\": \"Redmi Mobile 64 GB Black\",\r\n    \"description\": \"Android 10, 4 GB RAM, Black\",\r\n    \"model\": \"RedmiSS45_Black_4GB\",\r\n    \"make\": \"2021-10-10\",\r\n    \"stock\": \"100\",\r\n    \"price\": \"14999\"\r\n}",
							"options": {
								"raw": {
									"language": "json"
								}
							}
						},
						"url": {
							"raw": "http://ntjava182.iiht.tech:8081/emart/product",
							"protocol": "http",
							"host": [
								"ntjava182",
								"iiht",
								"tech"
							],
							"port": "8081",
							"path": [
								"emart",
								"product"
							]
						}
					},
					"response": []
				},
				{
					"name": "Add Product 3",
					"request": {
						"method": "POST",
						"header": [
							{
								"key": "Content-Type",
								"type": "text",
								"value": "application/json"
							}
						],
						"body": {
							"mode": "raw",
							"raw": "{\r\n    \"id\": \"SamsungNote2\",\r\n    \"name\": \"Samsung Mobile 64 GB Black\",\r\n    \"description\": \"Android 11, 8 GB RAM, Blue\",\r\n    \"model\": \"SamsungNote1_Blue_8GB\",\r\n    \"make\": \"2022-01-01\",\r\n    \"stock\": \"10\",\r\n    \"price\": \"34499\"\r\n}",
							"options": {
								"raw": {
									"language": "json"
								}
							}
						},
						"url": {
							"raw": "http://ntjava182.iiht.tech:8081/emart/product",
							"protocol": "http",
							"host": [
								"ntjava182",
								"iiht",
								"tech"
							],
							"port": "8081",
							"path": [
								"emart",
								"product"
							]
						}
					},
					"response": []
				},
				{
					"name": "Update  Product",
					"request": {
						"method": "PUT",
						"header": [
							{
								"key": "Content-Type",
								"type": "text",
								"value": "application/json"
							}
						],
						"body": {
							"mode": "raw",
							"raw": "",
							"options": {
								"raw": {
									"language": "json"
								}
							}
						},
						"url": {
							"raw": "http://ntjava182.iiht.tech:8081/emart/product/RedmiSS45?price=19999&stock=200",
							"protocol": "http",
							"host": [
								"ntjava182",
								"iiht",
								"tech"
							],
							"port": "8081",
							"path": [
								"emart",
								"product",
								"RedmiSS45"
							],
							"query": [
								{
									"key": "price",
									"value": "19999"
								},
								{
									"key": "stock",
									"value": "200"
								}
							]
						}
					},
					"response": []
				},
				{
					"name": "Select Product",
					"request": {
						"method": "POST",
						"header": [
							{
								"key": "Content-Type",
								"type": "text",
								"value": "application/json"
							}
						],
						"body": {
							"mode": "raw",
							"raw": "",
							"options": {
								"raw": {
									"language": "json"
								}
							}
						},
						"url": {
							"raw": "http://ntjava182.iiht.tech:8082/emart/product/cart/select/SamsungNote2/2",
							"protocol": "http",
							"host": [
								"ntjava182",
								"iiht",
								"tech"
							],
							"port": "8082",
							"path": [
								"emart",
								"product",
								"cart",
								"select",
								"SamsungNote2",
								"2"
							]
						}
					},
					"response": []
				},
				{
					"name": "Select Product 2",
					"request": {
						"method": "POST",
						"header": [
							{
								"key": "Content-Type",
								"type": "text",
								"value": "application/json"
							}
						],
						"body": {
							"mode": "raw",
							"raw": "",
							"options": {
								"raw": {
									"language": "json"
								}
							}
						},
						"url": {
							"raw": "http://ntjava182.iiht.tech:8082/emart/product/cart/select/RedmiSS45/1",
							"protocol": "http",
							"host": [
								"ntjava182",
								"iiht",
								"tech"
							],
							"port": "8082",
							"path": [
								"emart",
								"product",
								"cart",
								"select",
								"RedmiSS45",
								"1"
							]
						}
					},
					"response": []
				},
				{
					"name": "Clear Cart",
					"request": {
						"method": "DELETE",
						"header": [
							{
								"key": "Content-Type",
								"type": "text",
								"value": "application/json"
							}
						],
						"body": {
							"mode": "raw",
							"raw": "",
							"options": {
								"raw": {
									"language": "json"
								}
							}
						},
						"url": {
							"raw": "http://ntjava182.iiht.tech:8082/emart/product/cart/remove",
							"protocol": "http",
							"host": [
								"ntjava182",
								"iiht",
								"tech"
							],
							"port": "8082",
							"path": [
								"emart",
								"product",
								"cart",
								"remove"
							]
						}
					},
					"response": []
				},
				{
					"name": "Get Cart details",
					"protocolProfileBehavior": {
						"disableBodyPruning": true
					},
					"request": {
						"method": "GET",
						"header": [
							{
								"key": "Content-Type",
								"type": "text",
								"value": "application/json"
							}
						],
						"body": {
							"mode": "raw",
							"raw": "",
							"options": {
								"raw": {
									"language": "json"
								}
							}
						},
						"url": {
							"raw": "http://ntjava182.iiht.tech:8082/emart/product/cart/",
							"protocol": "http",
							"host": [
								"ntjava182",
								"iiht",
								"tech"
							],
							"port": "8082",
							"path": [
								"emart",
								"product",
								"cart",
								""
							]
						}
					},
					"response": []
				},
				{
					"name": "Remove from Cart",
					"request": {
						"method": "DELETE",
						"header": [
							{
								"key": "Content-Type",
								"type": "text",
								"value": "application/json"
							}
						],
						"body": {
							"mode": "raw",
							"raw": "",
							"options": {
								"raw": {
									"language": "json"
								}
							}
						},
						"url": {
							"raw": "http://ntjava182.iiht.tech:8082/emart/product/cart/remove/24",
							"protocol": "http",
							"host": [
								"ntjava182",
								"iiht",
								"tech"
							],
							"port": "8082",
							"path": [
								"emart",
								"product",
								"cart",
								"remove",
								"24"
							]
						}
					},
					"response": []
				},
				{
					"name": "Buy single Product",
					"request": {
						"method": "POST",
						"header": [
							{
								"key": "Content-Type",
								"type": "text",
								"value": "application/json"
							}
						],
						"body": {
							"mode": "raw",
							"raw": "",
							"options": {
								"raw": {
									"language": "json"
								}
							}
						},
						"url": {
							"raw": "http://ntjava182.iiht.tech:8082/emart/product/buy/DellMonitor1/2",
							"protocol": "http",
							"host": [
								"ntjava182",
								"iiht",
								"tech"
							],
							"port": "8082",
							"path": [
								"emart",
								"product",
								"buy",
								"DellMonitor1",
								"2"
							]
						}
					},
					"response": []
				},
				{
					"name": "Buy single Product 2",
					"request": {
						"method": "POST",
						"header": [
							{
								"key": "Content-Type",
								"type": "text",
								"value": "application/json"
							}
						],
						"body": {
							"mode": "raw",
							"raw": "",
							"options": {
								"raw": {
									"language": "json"
								}
							}
						},
						"url": {
							"raw": "http://ntjava182.iiht.tech:8082/emart/product/buy/RedmiSS45/7",
							"protocol": "http",
							"host": [
								"ntjava182",
								"iiht",
								"tech"
							],
							"port": "8082",
							"path": [
								"emart",
								"product",
								"buy",
								"RedmiSS45",
								"7"
							]
						}
					},
					"response": []
				},
				{
					"name": "Buy All Products from Cart",
					"request": {
						"method": "POST",
						"header": [
							{
								"key": "Content-Type",
								"type": "text",
								"value": "application/json"
							}
						],
						"body": {
							"mode": "raw",
							"raw": "",
							"options": {
								"raw": {
									"language": "json"
								}
							}
						},
						"url": {
							"raw": "http://ntjava182.iiht.tech:8082/emart/product/buy",
							"protocol": "http",
							"host": [
								"ntjava182",
								"iiht",
								"tech"
							],
							"port": "8082",
							"path": [
								"emart",
								"product",
								"buy"
							]
						}
					},
					"response": []
				},
				{
					"name": "Purchase History",
					"protocolProfileBehavior": {
						"disableBodyPruning": true
					},
					"request": {
						"method": "GET",
						"header": [
							{
								"key": "Content-Type",
								"type": "text",
								"value": "application/json"
							}
						],
						"body": {
							"mode": "raw",
							"raw": "",
							"options": {
								"raw": {
									"language": "json"
								}
							}
						},
						"url": {
							"raw": "http://ntjava182.iiht.tech:8082/emart/product/buy/history",
							"protocol": "http",
							"host": [
								"ntjava182",
								"iiht",
								"tech"
							],
							"port": "8082",
							"path": [
								"emart",
								"product",
								"buy",
								"history"
							]
						}
					},
					"response": []
				}
			]
		},
		{
			"name": "Sign in Sample",
			"event": [
				{
					"listen": "test",
					"script": {
						"exec": [
							"var jsonData = JSON.parse(responseBody);\r",
							"postman.setEnvironmentVariable(\"accessToken\", jsonData.accessToken);"
						],
						"type": "text/javascript"
					}
				}
			],
			"request": {
				"method": "POST",
				"header": [
					{
						"key": "Content-Type",
						"type": "text",
						"value": "application/json"
					}
				],
				"body": {
					"mode": "raw",
					"raw": "{\r\n    \"username\": \"shindeganesh22\",\r\n    \"password\": \"Sneha@123\"\r\n}",
					"options": {
						"raw": {
							"language": "json"
						}
					}
				},
				"url": {
					"raw": "http://localhost:8081/api/auth/signin",
					"protocol": "http",
					"host": [
						"localhost"
					],
					"port": "8081",
					"path": [
						"api",
						"auth",
						"signin"
					]
				}
			},
			"response": []
		},
		{
			"name": "Sign in Seller",
			"event": [
				{
					"listen": "test",
					"script": {
						"exec": [
							"var jsonData = JSON.parse(responseBody);\r",
							"postman.setEnvironmentVariable(\"accessToken\", jsonData.accessToken);"
						],
						"type": "text/javascript"
					}
				}
			],
			"request": {
				"method": "POST",
				"header": [
					{
						"key": "Content-Type",
						"type": "text",
						"value": "application/json"
					}
				],
				"body": {
					"mode": "raw",
					"raw": "{\r\n    \"username\": \"sneah20shinde\",\r\n    \"password\": \"Sneha@123\"\r\n}",
					"options": {
						"raw": {
							"language": "json"
						}
					}
				},
				"url": {
					"raw": "http://localhost:8081/api/auth/signin",
					"protocol": "http",
					"host": [
						"localhost"
					],
					"port": "8081",
					"path": [
						"api",
						"auth",
						"signin"
					]
				}
			},
			"response": []
		},
		{
			"name": "Sign up Sample",
			"request": {
				"method": "POST",
				"header": [
					{
						"key": "Content-Type",
						"type": "text",
						"value": "application/json"
					}
				],
				"body": {
					"mode": "raw",
					"raw": "{\r\n    \"username\": \"shindeganesh22\",\r\n    \"email\": \"test@gmail.com\",\r\n    \"role\": [\"admin\"],\r\n    \"password\": \"Sneha@123\"\r\n}",
					"options": {
						"raw": {
							"language": "json"
						}
					}
				},
				"url": {
					"raw": "http://localhost:8087/api/auth/signup",
					"protocol": "http",
					"host": [
						"localhost"
					],
					"port": "8087",
					"path": [
						"api",
						"auth",
						"signup"
					]
				}
			},
			"response": []
		},
		{
			"name": "Sign up Seller",
			"request": {
				"method": "POST",
				"header": [
					{
						"key": "Content-Type",
						"type": "text",
						"value": "application/json"
					}
				],
				"body": {
					"mode": "raw",
					"raw": "{\r\n    \"username\": \"sneah20shinde\",\r\n    \"email\": \"sneha@gmail.com\",\r\n    \"role\": [\"seller\"],\r\n    \"password\": \"Sneha@123\"\r\n}",
					"options": {
						"raw": {
							"language": "json"
						}
					}
				},
				"url": {
					"raw": "http://localhost:8081/api/auth/signup",
					"protocol": "http",
					"host": [
						"localhost"
					],
					"port": "8081",
					"path": [
						"api",
						"auth",
						"signup"
					]
				}
			},
			"response": []
		},
		{
			"name": "Get All",
			"protocolProfileBehavior": {
				"disableBodyPruning": true
			},
			"request": {
				"method": "GET",
				"header": [
					{
						"key": "Content-Type",
						"type": "text",
						"value": "application/json"
					},
					{
						"key": "Authorization",
						"value": "bearer eyJhbGciOiJIUzUxMiJ9.eyJzdWIiOiJaGluZGVnYW5lc2gyMiIsImlhdCI6MTY0NzI0MTM1MCwiZXhwIjoxNjQ3MjQxMzUwfQ.LieobOQGOM9BRL35jjj5gKF38QvqblHrVXt6PA2OwGC9GL0ETOj6yBdlHl_swEw6-e0Vh028tBmcQ9I0CjPkVw",
						"type": "text"
					}
				],
				"body": {
					"mode": "raw",
					"raw": "",
					"options": {
						"raw": {
							"language": "json"
						}
					}
				},
				"url": {
					"raw": "http://localhost:8081/api/test/all",
					"protocol": "http",
					"host": [
						"localhost"
					],
					"port": "8081",
					"path": [
						"api",
						"test",
						"all"
					]
				}
			},
			"response": []
		},
		{
			"name": "Get Admin",
			"protocolProfileBehavior": {
				"disableBodyPruning": true
			},
			"request": {
				"method": "GET",
				"header": [
					{
						"key": "Content-Type",
						"type": "text",
						"value": "application/json"
					},
					{
						"key": "Authorization",
						"type": "text",
						"value": "Bearer {{accessToken}}"
					}
				],
				"body": {
					"mode": "raw",
					"raw": "",
					"options": {
						"raw": {
							"language": "json"
						}
					}
				},
				"url": {
					"raw": "http://localhost:8081/api/test/admin",
					"protocol": "http",
					"host": [
						"localhost"
					],
					"port": "8081",
					"path": [
						"api",
						"test",
						"admin"
					]
				}
			},
			"response": []
		},
		{
			"name": "Get user",
			"protocolProfileBehavior": {
				"disableBodyPruning": true
			},
			"request": {
				"method": "GET",
				"header": [
					{
						"key": "Content-Type",
						"type": "text",
						"value": "application/json"
					},
					{
						"key": "Authorization",
						"type": "text",
						"value": "Bearer {{accessToken}}"
					}
				],
				"body": {
					"mode": "raw",
					"raw": "",
					"options": {
						"raw": {
							"language": "json"
						}
					}
				},
				"url": {
					"raw": "http://localhost:8081/api/test/user",
					"protocol": "http",
					"host": [
						"localhost"
					],
					"port": "8081",
					"path": [
						"api",
						"test",
						"user"
					]
				}
			},
			"response": []
		},
		{
			"name": "Get seller",
			"protocolProfileBehavior": {
				"disableBodyPruning": true
			},
			"request": {
				"method": "GET",
				"header": [
					{
						"key": "Content-Type",
						"type": "text",
						"value": "application/json"
					},
					{
						"key": "Authorization",
						"type": "text",
						"value": "Bearer {{accessToken}}"
					}
				],
				"body": {
					"mode": "raw",
					"raw": "",
					"options": {
						"raw": {
							"language": "json"
						}
					}
				},
				"url": {
					"raw": "http://localhost:8081/api/test/seller",
					"protocol": "http",
					"host": [
						"localhost"
					],
					"port": "8081",
					"path": [
						"api",
						"test",
						"seller"
					]
				}
			},
			"response": []
		}
	]
}